"sim.cycle","total_adults_2","total_adult_females_2","total_juveniles_2","adult_drive_frequency_2","juveniles_drive_frequency_2","total_adults_3","total_adult_females_3","total_juveniles_3","adult_drive_frequency_3","juveniles_drive_frequency_3","drive_efficiency","drive_fitness","low_density_growth_rate","drop_ratio","migration_rate"
1,77310.05,48531.05,28578.4,0,0,79344,49934.35,28465.65,0,0,0.5,1,6,3,0.02
2,76721,48030.8,31433.55,0,0,79749.25,50346.05,28683.05,0,0,0.5,1,6,3,0.02
3,79308.25,49467,30920.1,0,0,80102.9,50916.6,27669.7,0,0,0.5,1,6,3,0.02
4,80783.1,50433.45,28438.85,0,0,79382.85,50793.95,27033.7,0,0,0.5,1,6,3,0.02
5,79338.55,50019.45,27814.5,0,0,78276.1,50346.55,27954.45,0,0,0.5,1,6,3,0.02
6,77447.8,49299.05,28928.35,0,0,78301.5,50324.25,28277.85,0,0,0.5,1,6,3,0.02
7,77260.5,49169,29746.1,0,0,78846.45,50486.05,28190.05,0,0,0.5,1,6,3,0.02
8,78178.1,49421.05,29504,0,0,79185.7,50637.35,27802.2,0,0,0.5,1,6,3,0.02
9,78549.3,49438.9,29320.75,0,0,78930.25,50546.25,27693.7,0,0,0.5,1,6,3,0.02
10,78539.3,49495.4,29445,0,0,78675.6,50465.25,27945.65,0,0,0.5,1,6,3,0.02
11,78755.85,49720.45,29028.8,0,0,78783.7,50551.45,27951.45,0,0,0.5,1,6,3,0.02
12,96160.85,49617.5,28644.8,0.183897,0.07980257,79260.2,50580.8,28085.05,0.0045659235,0,0.5,1,6,3,0.02
13,101900.4,46993.35,29516.15,0.269812,0.1605438,79760.9,50612.1,27491.05,0.009061285,0.003303463,0.5,1,6,3,0.02
14,97927.6,42873.85,33687.1,0.3004437,0.22520375,79105.6,50253,28029.5,0.009881145,0.008687554,0.5,1,6,3,0.02
15,96143.95,38744.8,37828.7,0.33315465,0.27669355,78952.6,49996.65,28381.3,0.01176553,0.01393051,0.5,1,6,3,0.02
16,95821.45,34805.2,40930.7,0.3636606,0.3197633,78975.15,49745,28665.8,0.01395118,0.019314005,0.5,1,6,3,0.02
17,95428.15,30829.4,42609.2,0.393739,0.35003695,79203.55,49585.2,28958.1,0.01627084,0.023787245,0.5,1,6,3,0.02
18,94206.15,27080.05,43448.25,0.4225723,0.3647043,79339.6,49326.75,29162.9,0.01850306,0.02789141,0.5,1,6,3,0.02
19,92707.7,24137.35,43204.7,0.44487905,0.3756154,79519.25,49198.95,29503.15,0.02047053,0.031035215,0.5,1,6,3,0.02
20,90666.6,21729.2,42234.55,0.4635133,0.38420355,79758.95,49173.9,29754.15,0.02221849,0.034187235,0.5,1,6,3,0.02
21,88099.6,19600.25,40928.95,0.4801511,0.3911757,79953.8,49104.8,29454.35,0.02355053,0.03799186,0.5,1,6,3,0.02
22,85235.2,17722.1,39216.2,0.495694,0.39643005,79665.4,48833.4,29895.65,0.024825255,0.040559615,0.5,1,6,3,0.02
23,82178.1,16111.3,37510.2,0.51019165,0.4010982,79698.5,48740.1,30202.1,0.026102245,0.04262233,0.5,1,6,3,0.02
24,79206.45,14692.05,35703.25,0.5245966,0.40584235,79985.4,48770.55,30239.45,0.02714,0.04510074,0.5,1,6,3,0.02
25,76144.55,13383.1,33906.25,0.5387399,0.40917955,80052.75,48699.05,29973.2,0.02787038,0.046580515,0.5,1,6,3,0.02
26,73214.5,12213.25,32066.45,0.55244885,0.4137808,79775.7,48471.4,30346.45,0.02861672,0.048673245,0.5,1,6,3,0.02
27,70312.45,11118.7,30140.65,0.5665908,0.41736515,79780,48362.9,30603.45,0.029323575,0.05023332,0.5,1,6,3,0.02
28,67448.3,10085.45,28373.55,0.58165895,0.4205209,80015.85,48410.75,30656.85,0.029829895,0.05101348,0.5,1,6,3,0.02
29,64574.6,9102.6,26508.05,0.59645445,0.42424535,80155.55,48420.55,30646.7,0.03036157,0.05191601,0.5,1,6,3,0.02
30,61900.35,8190.7,24356.8,0.6122657,0.4288265,80086.45,48400.65,30671.1,0.030589755,0.05298239,0.5,1,6,3,0.02
31,59055.3,7307.8,22617,0.6296354,0.4313697,80033.25,48346,30670,0.030707425,0.05318728,0.5,1,6,3,0.02
32,56407.95,6506.05,20579.3,0.64639625,0.43491625,79969.85,48322.6,30514.3,0.03087088,0.053602995,0.5,1,6,3,0.02
33,53714.65,5730.8,18794.3,0.66484025,0.4395555,79791.25,48196.6,30870.85,0.031085205,0.0541719,0.5,1,6,3,0.02
34,51129.85,5016.15,16898.55,0.68430725,0.44276105,79917.45,48163.4,30810.9,0.031240685,0.05435181,0.5,1,6,3,0.02
35,48588.2,4320.2,15062.75,0.7049675,0.44708415,79938.65,48116.4,30947.2,0.031330075,0.05472236,0.5,1,6,3,0.02
36,46140.35,3694.6,13150.1,0.72619105,0.4503391,80095.6,48256.85,30955.9,0.03125769,0.054770985,0.5,1,6,3,0.02
37,43674.3,3111.25,11383.6,0.74908,0.4538194,80140.05,48304.4,30915.4,0.03116221,0.054643965,0.5,1,6,3,0.02
38,41314.95,2581.15,9802.1,0.7728778,0.458486,80152.3,48308.4,30547.3,0.031163305,0.05431145,0.5,1,6,3,0.02
39,39220.9,2105.45,8176.75,0.79743575,0.4627107,79809.95,48175.9,30866.65,0.031088835,0.05369603,0.5,1,6,3,0.02
40,37112.3,1664.95,6828.3,0.8224209,0.46600415,79881.45,48225,30810.05,0.030697165,0.054066165,0.5,1,6,3,0.02
41,35367.9,1303.4,5394.55,0.84669205,0.4698647,79810.8,48189.05,30924.35,0.030523045,0.053834145,0.5,1,6,3,0.02
42,33607.8,995.15,4324.55,0.87128515,0.4723878,79958.55,48225.9,30933.45,0.03038111,0.05295986,0.5,1,6,3,0.02
43,32118.5,743.5,3317.35,0.8939981,0.47597555,80019.4,48299.05,30778.85,0.030093785,0.052862385,0.5,1,6,3,0.02
44,30803.2,539.05,2466.5,0.9149824,0.47961895,79860.4,48256.95,30715.55,0.029957935,0.05202443,0.5,1,6,3,0.02
45,29742.5,383.8,1849.25,0.9339783,0.48353895,79778.85,48249.1,30803.1,0.029571175,0.05175499,0.5,1,6,3,0.02
46,28886.45,263.85,1285.8,0.9502429,0.4843186,79803.15,48309.25,30523,0.02925133,0.050895755,0.5,1,6,3,0.02
47,28188.95,176.75,891.2,0.96363005,0.48794765,79553.8,48170.95,30865.1,0.028934095,0.050785465,0.5,1,6,3,0.02
48,27598.35,110.4,585.55,0.974471,0.49088665,79753.45,48302.45,30928.6,0.028759345,0.0506615,0.5,1,6,3,0.02
49,27216,68.45,379.35,0.982547,0.4914125,79929.7,48417.15,30623.05,0.0286972,0.050030045,0.5,1,6,3,0.02
50,26922.85,39.85,221.85,0.9885803,0.4939366,79870,48387.3,30626.1,0.028439535,0.04967252,0.5,1,6,3,0.02
51,26697.05,22.8,135.8,0.9929284,0.4969619,79778.2,48352.1,30570.95,0.02819647,0.049349315,0.5,1,6,3,0.02
52,26556.2,12.5,77.75,0.99570675,0.4969159,79668.4,48325.2,30657.15,0.027925465,0.04896858,0.5,1,6,3,0.02
53,26459.2,6.3,49.3,0.9974917,0.5,79668.4,48339.2,30657.5,0.027829275,0.04788217,0.5,1,6,3,0.02
54,26398.3,3.3,21.45,0.9985456,NA,79755.25,48395.1,30727.9,0.027663855,0.047510365,0.5,1,6,3,0.02
55,26364.15,1.45,11.8,0.99917505,NA,79853.9,48503.05,30726.3,0.02746684,0.04735703,0.5,1,6,3,0.02
56,20156.4,0.7,4.85,0.99931685,NA,79840.25,48579.25,30506.1,0.025660895,0.04701738,0.5,1,6,3,0.02
57,12708.8,0.15,1.85,0.8247731,NA,79505.55,48504.75,30296,0.02288289,0.04644584,0.5,1,6,3,0.02
58,5235.9,0.1,0.65,NA,NA,79009.7,48400.45,30603.95,0.020278425,0.044414825,0.5,1,6,3,0.02
59,1755.75,0,0.5,NA,NA,79060.3,48555.4,30591.1,0.018206325,0.042186715,0.5,1,6,3,0.02
60,435.65,0,0,NA,NA,79241.45,48660.1,30376.5,0.01702953,0.0391433,0.5,1,6,3,0.02
61,0.35,0,0,NA,NA,79261.95,48737.35,30125.4,0.01578786,0.03659079,0.5,1,6,3,0.02
62,0,0,0,NA,NA,79187.7,48887.15,30431.9,0.01474324,0.03457783,0.5,1,6,3,0.02
63,0,0,0,NA,NA,79479.45,49150.85,29938.25,0.01372931,0.03223092,0.5,1,6,3,0.02
64,0,0,0,NA,NA,79248.5,49141.65,29655.95,0.012788775,0.029882675,0.5,1,6,3,0.02
65,0,0,0,NA,NA,78919.3,49056.65,29722.65,0.01189491,0.028188845,0.5,1,6,3,0.02
66,0,0,0,NA,NA,78758.95,49031.6,29605.15,0.011130393,0.02593508,0.5,1,6,3,0.02
67,0,0,0,NA,NA,78770.2,49061.05,29848.95,0.010330414,0.024387475,0.5,1,6,3,0.02
68,0,0,0,NA,NA,79015.85,49264.85,29569.7,0.0096312215,0.02287333,0.5,1,6,3,0.02
69,0,0,0,NA,NA,78959.75,49289.35,29492.45,0.008993153,0.021289185,0.5,1,6,3,0.02
70,0,0,0,NA,NA,78934.05,49367.7,29429.9,0.008407914,0.02001151,0.5,1,6,3,0.02
71,0,0,0,NA,NA,78848.05,49384.3,29264.7,0.0077901905,0.018521355,0.5,1,6,3,0.02
72,0,0,0,NA,NA,78742.5,49348.65,29464.75,0.0072609415,0.01729662,0.5,1,6,3,0.02
73,0,0,0,NA,NA,78833.45,49472.1,29326.75,0.0067517155,0.01606744,0.5,1,6,3,0.02
74,0,0,0,NA,NA,78917.6,49584.65,29298,0.0062860285,0.015356815,0.5,1,6,3,0.02
75,0,0,0,NA,NA,78967.75,49644.7,29033.75,0.0059176575,0.01413576,0.5,1,6,3,0.02
76,0,0,0,NA,NA,78675.5,49534.5,29099.2,0.0055451075,0.013260525,0.5,1,6,3,0.02
77,0,0,0,NA,NA,78669.7,49559.4,29113.45,0.0051625395,0.012502885,0.5,1,6,3,0.02
78,0,0,0,NA,NA,78673.55,49549.55,29109.85,0.004808224,0.0115629965,0.5,1,6,3,0.02
79,0,0,0,NA,NA,78777.2,49625.9,29306.35,0.0044580025,0.0110272185,0.5,1,6,3,0.02
80,0,0,0,NA,NA,78990.2,49736.5,28965.5,0.004152708,0.0100509335,0.5,1,6,3,0.02
81,0,0,0,NA,NA,78846.35,49746.3,28989.75,0.003850952,0.0094164625,0.5,1,6,3,0.02
82,0,0,0,NA,NA,78809.15,49741.5,28704.1,0.0035721755,0.008940477,0.5,1,6,3,0.02
83,0,0,0,NA,NA,78512.2,49634.15,28903,0.003394676,0.0083336085,0.5,1,6,3,0.02
84,0,0,0,NA,NA,78521.45,49660.7,29106.35,0.0032042195,0.0076754135,0.5,1,6,3,0.02
85,0,0,0,NA,NA,78704.85,49723,28978.35,0.0030235995,0.0071638075,0.5,1,6,3,0.02
86,0,0,0,NA,NA,78825.2,49849,28925.15,0.0028105225,0.006756886,0.5,1,6,3,0.02
87,0,0,0,NA,NA,78834.65,49892.35,28685.2,0.0026149165,0.00644334,0.5,1,6,3,0.02
88,0,0,0,NA,NA,78593.6,49800.45,28940.45,0.0024500915,0.0058428035,0.5,1,6,3,0.02
89,0,0,0,NA,NA,78745.15,49887.85,28652.05,0.0022501225,0.0057349295,0.5,1,6,3,0.02
90,0,0,0,NA,NA,78566.6,49783.85,28811.35,0.0021649895,0.0052672175,0.5,1,6,3,0.02
91,0,0,0,NA,NA,78603.5,49766.15,28724.65,0.0020483875,0.004949464,0.5,1,6,3,0.02
92,0,0,0,NA,NA,78540.1,49739.55,29034.8,0.001919443,0.004682894,0.5,1,6,3,0.02
93,0,0,0,NA,NA,78826.1,49889.35,28719.65,0.001770282,0.0044171045,0.5,1,6,3,0.02
94,0,0,0,NA,NA,78738,49912.25,28509.75,0.001677948,0.003949505,0.5,1,6,3,0.02
95,0,0,0,NA,NA,78424.55,49772,28562.3,0.0015199775,0.0037926665,0.5,1,6,3,0.02
96,0,0,0,NA,NA,78294.95,49756.85,28957.1,0.0014295095,0.003493363,0.5,1,6,3,0.02
97,0,0,0,NA,NA,78628,49857.15,28860.05,0.0013353556,0.0032661535,0.5,1,6,3,0.02
98,0,0,0,NA,NA,78782,49963.35,28718.45,0.00123950855,0.0029729035,0.5,1,6,3,0.02
99,0,0,0,NA,NA,78816.9,50025.8,28528.75,0.00116339595,0.0027552595,0.5,1,6,3,0.02
100,0,0,0,NA,NA,78560,49938.55,28427.05,0.001069002,0.002684949,0.5,1,6,3,0.02
1,76195.55,47809.7,28562.75,0,0,80210.6,50599.5,28571.9,0,0,0.5,1,6,3,0.04
2,75124.5,46881.8,32519.6,0,0,81277,51514.45,27360.2,0,0,0.5,1,6,3,0.04
3,78546.95,48497.85,32338.9,0,0,80581.4,51641.65,25899.85,0,0,0.5,1,6,3,0.04
4,80984.85,49919.25,29604,0,0,78702,50976.5,26465.55,0,0,0.5,1,6,3,0.04
5,79891.7,49753.5,28179.75,0,0,77850.5,50554.1,27511.05,0,0,0.5,1,6,3,0.04
6,77414.75,48882.35,29126.15,0,0,78491.5,50776.95,28068.75,0,0,0.5,1,6,3,0.04
7,76642.25,48542.9,30493.8,0,0,79557.5,51167.95,27260.7,0,0,0.5,1,6,3,0.04
8,77758.3,48901.55,30376.25,0,0,79462.5,51110.6,26857,0,0,0.5,1,6,3,0.04
9,78417.6,48990.65,29824.4,0,0,78894.45,50963.25,27087.95,0,0,0.5,1,6,3,0.04
10,78177.2,48853.6,29865.8,0,0,78832.75,51038.35,27290.35,0,0,0.5,1,6,3,0.04
11,78095.5,48942.3,30285.95,0,0,78989.95,51098.6,27276,0,0,0.5,1,6,3,0.04
12,95832.4,49242.55,29973.95,0.18062485,0.08175064,79753.45,51039.5,26984.7,0.0089770235,0,0.5,1,6,3,0.04
13,101697.95,46754.8,29419.15,0.2643455,0.16379185,80213.15,50876.75,27321,0.017850825,0.0062246855,0.5,1,6,3,0.04
14,96714.45,42130.35,34130,0.29804695,0.2275949,80174.2,50707.85,27296.85,0.019375905,0.016914675,0.5,1,6,3,0.04
15,94582.85,37842.55,38660.95,0.3323627,0.2773087,79590.85,50114.7,27798.1,0.022941495,0.027329635,0.5,1,6,3,0.04
16,94345.35,33983,41304.35,0.36248345,0.31844745,79274,49460.6,28777,0.02719303,0.037320595,0.5,1,6,3,0.04
17,94070.75,30103.9,42867.15,0.39216595,0.3484691,79555.15,48974.55,29406.6,0.03167875,0.04630886,0.5,1,6,3,0.04
18,92736.85,26427.05,43484.25,0.42087845,0.36402065,80103.8,48634.95,30162.75,0.036509235,0.052681335,0.5,1,6,3,0.04
19,90961.45,23511.45,43004.55,0.4436358,0.37530985,80807.2,48550.45,30413.2,0.0400845,0.059394745,0.5,1,6,3,0.04
20,88728.85,21106.15,41918.7,0.46248745,0.38317435,81226.45,48442.65,30311.2,0.043234875,0.065029475,0.5,1,6,3,0.04
21,86026.2,19011.25,40405.15,0.4797319,0.39093815,81050.1,48127.65,30728.8,0.04574625,0.07116384,0.5,1,6,3,0.04
22,82978.8,17075.35,38892.05,0.49624965,0.39659455,80936.25,47841.25,30900.65,0.04823852,0.07483761,0.5,1,6,3,0.04
23,79955.75,15465.05,36750.45,0.51137365,0.40164975,80775.6,47547.4,31509.4,0.050415785,0.07894926,0.5,1,6,3,0.04
24,76619.65,14027.35,34898.85,0.52658625,0.4062407,81088.75,47428.2,31576,0.051995435,0.082751905,0.5,1,6,3,0.04
25,73542.5,12698,32961,0.54171555,0.41023265,81038.35,47209.15,31906.25,0.05342535,0.08524528,0.5,1,6,3,0.04
26,70438.45,11483.35,30979.5,0.55656585,0.4147839,81198.55,47098.95,32094.9,0.054792035,0.08793988,0.5,1,6,3,0.04
27,67396.2,10351.55,28966.85,0.57194415,0.4177708,81372.05,47070.55,32275.7,0.0559619,0.08993357,0.5,1,6,3,0.04
28,64466.8,9342.55,26950.15,0.58770895,0.4223869,81485.95,47013.25,32141.9,0.056966565,0.091137035,0.5,1,6,3,0.04
29,61512.2,8368.85,24987.05,0.6045793,0.42650115,81319.8,46868.25,32446.4,0.05741615,0.09227036,0.5,1,6,3,0.04
30,58637.9,7447.6,22888.1,0.6218502,0.4294807,81355.3,46843.85,32397.45,0.05775634,0.093903295,0.5,1,6,3,0.04
31,55756.8,6578.25,20992.5,0.6398825,0.43332335,81207.7,46720.25,32584.85,0.0583097,0.094498385,0.5,1,6,3,0.04
32,53064.65,5779.35,18917.65,0.65903605,0.4376639,81248.05,46713.7,32743.95,0.05844915,0.094965695,0.5,1,6,3,0.04
33,50393.4,5028.15,16976.6,0.6799173,0.44151065,81272.7,46655.45,32460.5,0.0586544,0.09527076,0.5,1,6,3,0.04
34,47708.5,4306.5,15139.5,0.7007126,0.4463457,81033.7,46521.55,32999.45,0.058781625,0.09541812,0.5,1,6,3,0.04
35,45244.2,3657.75,13121.75,0.72348045,0.44951105,81283.4,46624.15,32856.25,0.058569585,0.09537356,0.5,1,6,3,0.04
36,42717.95,3064.05,11324.25,0.7470898,0.45364255,81330.15,46662.6,32462.05,0.05843483,0.095414675,0.5,1,6,3,0.04
37,40359.65,2525.4,9653.4,0.7718261,0.45899065,80993.2,46513.35,32815.25,0.05831782,0.09489498,0.5,1,6,3,0.04
38,38105.75,2029.9,8124.45,0.7974422,0.46154945,81043.3,46550.9,32743.1,0.058004335,0.09357715,0.5,1,6,3,0.04
39,36147.6,1615.75,6546.85,0.82207225,0.4650904,81055.15,46567.1,32813.55,0.05738725,0.093916755,0.5,1,6,3,0.04
40,34294,1252.2,5269,0.84769415,0.4704925,81111.45,46605.8,32690.6,0.05712784,0.092830225,0.5,1,6,3,0.04
41,32602.15,941.4,4170.7,0.87330265,0.47300685,81032.35,46602.95,32921.55,0.05658275,0.092051515,0.5,1,6,3,0.04
42,31088.8,701.15,3159.25,0.89631415,0.47702365,81174.1,46772,32707.1,0.05608715,0.091651735,0.5,1,6,3,0.04
43,29857,498.85,2347.35,0.9179184,0.4798957,81117.55,46814.1,32541.5,0.05543908,0.090384145,0.5,1,6,3,0.04
44,28777.25,348.25,1696.3,0.9368334,0.4824306,80963.2,46787.75,32542.4,0.055028175,0.089000305,0.5,1,6,3,0.04
45,27967.05,237.05,1204.6,0.9528098,0.48712765,80854.15,46805.7,32590.9,0.054443575,0.087673965,0.5,1,6,3,0.04
46,27307.2,152.7,795.9,0.9661262,0.4898931,80932.45,46860.1,32442.55,0.053650175,0.087995435,0.5,1,6,3,0.04
47,26816,94.7,524.8,0.9765875,0.4908871,80812.95,46858.45,32666.25,0.053349215,0.086970095,0.5,1,6,3,0.04
48,26399.85,57.2,332.85,0.98419495,0.4930655,81002.55,46981,32254.25,0.052967165,0.085733215,0.5,1,6,3,0.04
49,26109.25,34.1,199.75,0.98981925,0.4945785,80812.1,46916.7,32258.8,0.0524284,0.084739145,0.5,1,6,3,0.04
50,25965.05,18.4,105.1,0.9936913,0.4974076,80692.15,46930.15,32483,0.051847225,0.084520185,0.5,1,6,3,0.04
51,25801.9,8.95,65.25,0.9964121,0.49512335,80849.75,47000.15,32203.25,0.05170238,0.083370625,0.5,1,6,3,0.04
52,25742.35,4.2,28.6,0.9979573,0.49755375,80724.55,46965,32312.1,0.05130665,0.083302965,0.5,1,6,3,0.04
53,24789.7,2.4,16.1,0.9988489,NA,80755.35,47071,32383.35,0.050901005,0.08209877,0.5,1,6,3,0.04
54,23501.8,1,9,0.97437765,NA,80786.8,47155.4,32147.25,0.049513105,0.08176812,0.5,1,6,3,0.04
55,18758.65,0.4,3.05,0.94965305,NA,80485.05,47132.4,32214.1,0.046603785,0.08121491,0.5,1,6,3,0.04
56,9724.55,0.25,1.2,NA,NA,80005.55,47146.55,32041.5,0.040894235,0.07936154,0.5,1,6,3,0.04
57,4663.65,0.1,0.5,NA,NA,79523.3,47180.2,31933.75,0.035943425,0.07623143,0.5,1,6,3,0.04
58,2977.9,0.05,0,NA,NA,79402,47251.8,32018.55,0.03379431,0.071783915,0.5,1,6,3,0.04
59,1687.9,0.05,0.3,NA,NA,79555.35,47421.55,32009.95,0.031436905,0.067897875,0.5,1,6,3,0.04
60,1282.45,0,0.3,NA,NA,79858.85,47724.7,31838.15,0.02930016,0.06326585,0.5,1,6,3,0.04
61,420.2,0,0,NA,NA,80084.5,48084.2,31168.6,0.0268664,0.05927867,0.5,1,6,3,0.04
62,0.25,0,0,NA,NA,79702.65,48165.45,30878.2,0.024670805,0.055735995,0.5,1,6,3,0.04
63,0.05,0,0,NA,NA,79352.75,48174.2,31007.35,0.022962915,0.05215981,0.5,1,6,3,0.04
64,0,0,0,NA,NA,79372.7,48339.9,30895.7,0.02132575,0.049283485,0.5,1,6,3,0.04
65,0,0,0,NA,NA,79394.7,48435,30576.6,0.020105225,0.04533436,0.5,1,6,3,0.04
66,0,0,0,NA,NA,79247.75,48499.7,30643.5,0.018559255,0.042734405,0.5,1,6,3,0.04
67,0,0,0,NA,NA,79313.05,48633.3,30288.9,0.01729913,0.04012706,0.5,1,6,3,0.04
68,0,0,0,NA,NA,79192.15,48730.15,30223.8,0.016141245,0.037370135,0.5,1,6,3,0.04
69,0,0,0,NA,NA,79087.95,48787.85,30072.9,0.015030685,0.035260465,0.5,1,6,3,0.04
70,0,0,0,NA,NA,78990.05,48859.85,30377.05,0.014060035,0.032956945,0.5,1,6,3,0.04
71,0,0,0,NA,NA,79371.9,49098.05,29970.1,0.013169235,0.03053509,0.5,1,6,3,0.04
72,0,0,0,NA,NA,79297.15,49167.55,29617.5,0.012222765,0.028537635,0.5,1,6,3,0.04
73,0,0,0,NA,NA,78960.35,49095.2,29795.8,0.0113299865,0.02669007,0.5,1,6,3,0.04
74,0,0,0,NA,NA,78939.9,49164.4,29737.2,0.0105692425,0.024891065,0.5,1,6,3,0.04
75,0,0,0,NA,NA,78952.55,49230.2,29730.75,0.009813043,0.02324423,0.5,1,6,3,0.04
76,0,0,0,NA,NA,79094.95,49362.05,29467.15,0.0091782935,0.02195926,0.5,1,6,3,0.04
77,0,0,0,NA,NA,78935.65,49363.3,29376.15,0.008623176,0.020389175,0.5,1,6,3,0.04
78,0,0,0,NA,NA,78836.85,49353.4,29390.9,0.0080130645,0.019524725,0.5,1,6,3,0.04
79,0,0,0,NA,NA,78832.7,49395.75,29389.5,0.00755677,0.01789546,0.5,1,6,3,0.04
80,0,0,0,NA,NA,78833.5,49445.15,29464.45,0.0069846475,0.016722295,0.5,1,6,3,0.04
81,0,0,0,NA,NA,78983.1,49571.3,29193.05,0.006520392,0.0159726,0.5,1,6,3,0.04
82,0,0,0,NA,NA,78811.85,49520.8,29124.75,0.0061362135,0.014783475,0.5,1,6,3,0.04
83,0,0,0,NA,NA,78751.15,49512,29396.45,0.0057624285,0.013368025,0.5,1,6,3,0.04
84,0,0,0,NA,NA,78974.9,49678.7,29036.1,0.0052654415,0.01273816,0.5,1,6,3,0.04
85,0,0,0,NA,NA,78856.2,49702.8,28875.9,0.0049187595,0.0121528,0.5,1,6,3,0.04
86,0,0,0,NA,NA,78590.25,49571.45,28807.45,0.0046642585,0.011261024,0.5,1,6,3,0.04
87,0,0,0,NA,NA,78354.5,49470.9,29354.9,0.004305893,0.0103773865,0.5,1,6,3,0.04
88,0,0,0,NA,NA,78805.65,49694.5,29215.8,0.0040477525,0.0096219975,0.5,1,6,3,0.04
89,0,0,0,NA,NA,79024.45,49783.9,28741.25,0.003738428,0.009317826,0.5,1,6,3,0.04
90,0,0,0,NA,NA,78735.45,49702.6,29068.65,0.003570973,0.00848379,0.5,1,6,3,0.04
91,0,0,0,NA,NA,78820.6,49798.2,28884.9,0.003311559,0.0079877385,0.5,1,6,3,0.04
92,0,0,0,NA,NA,78722,49804.5,28853.05,0.0030585545,0.007590362,0.5,1,6,3,0.04
93,0,0,0,NA,NA,78713.45,49828.65,28781.4,0.002879157,0.007015338,0.5,1,6,3,0.04
94,0,0,0,NA,NA,78550.1,49782,28686.6,0.0026853395,0.0066161075,0.5,1,6,3,0.04
95,0,0,0,NA,NA,78429.7,49710.9,28992.9,0.0025400255,0.0062365725,0.5,1,6,3,0.04
96,0,0,0,NA,NA,78641.35,49775.05,29011.8,0.002405019,0.005841801,0.5,1,6,3,0.04
97,0,0,0,NA,NA,78847.5,49908.3,28767.2,0.0022261715,0.005169941,0.5,1,6,3,0.04
98,0,0,0,NA,NA,78759.05,49937.55,28679.85,0.002053363,0.0051499865,0.5,1,6,3,0.04
99,0,0,0,NA,NA,78611.15,49909.65,28620,0.00192693,0.0046954155,0.5,1,6,3,0.04
100,0,0,0,NA,NA,78490.45,49864.9,28778.05,0.00179862,0.004416722,0.5,1,6,3,0.04
1,75168.65,47038.25,28609.6,0,0,81257,51346.45,28582.6,0,0,0.5,1,6,3,0.06
2,73630.9,45719.9,34046.1,0,0,82785,52647.05,25831.4,0,0,0.5,1,6,3,0.06
3,78342.65,47964.65,33513.55,0,0,80826.15,52258.7,24226.2,0,0,0.5,1,6,3,0.06
4,81457.25,49696.25,30231.5,0,0,77831.15,51005.8,26182.5,0,0,0.5,1,6,3,0.06
5,80099.7,49467.45,28407.3,0,0,77661.15,50882.5,27750.25,0,0,0.5,1,6,3,0.06
6,76960.25,48359.4,29822.35,0,0,79423.75,51546.7,27421.25,0,0,0.5,1,6,3,0.06
7,76314.8,48059.25,31003.75,0,0,80347.7,51927.05,25886.4,0,0,0.5,1,6,3,0.06
8,77333.3,48285.35,31153.55,0,0,79336,51494.7,26061.9,0,0,0.5,1,6,3,0.06
9,78055.25,48398.6,30423.1,0,0,78727.1,51320.45,26841.85,0,0,0.5,1,6,3,0.06
10,77819.85,48321.4,30702.65,0,0,79209.35,51594.9,26733.5,0,0,0.5,1,6,3,0.06
11,77988.55,48560.45,30652.8,0,0,79462.1,51626.4,26167.6,0,0,0.5,1,6,3,0.06
12,95032.25,48647.35,30335.9,0.17844865,0.08402364,80089.75,51354.1,26479.95,0.013607615,0,0.5,1,6,3,0.06
13,100199.2,45979.55,30276.15,0.26197945,0.16594515,81105,51382.1,26855,0.02634494,0.009207514,0.5,1,6,3,0.06
14,95370.65,41298.1,34921.75,0.2961723,0.23015655,81128.9,51183,26638.95,0.028652365,0.02495833,0.5,1,6,3,0.06
15,93352.85,37006.15,39331.9,0.33078845,0.27993325,80281.45,50263.05,27037.85,0.033799715,0.03945012,0.5,1,6,3,0.06
16,93191.6,33128.1,41759.2,0.36182975,0.3195721,79393.7,49094.95,28809.5,0.040092945,0.053291845,0.5,1,6,3,0.06
17,92563.55,29268.65,43101.25,0.39151885,0.34824595,79880.4,48446.6,30199.75,0.046740605,0.066327095,0.5,1,6,3,0.06
18,91026.75,25642.4,43436.85,0.42016185,0.3642615,81082.7,48143.95,30800.7,0.05301073,0.075536535,0.5,1,6,3,0.06
19,89093.9,22729.7,42841.15,0.44377045,0.3751971,82048.15,47963.3,31011.3,0.05832502,0.083999325,0.5,1,6,3,0.06
20,86694.45,20363.65,41392.35,0.4630418,0.38421925,82363.65,47724.95,31315.9,0.06283444,0.09224796,0.5,1,6,3,0.06
21,83721.95,18192.25,39853.65,0.4812072,0.391514,82362.65,47399.7,31424,0.06643938,0.098395155,0.5,1,6,3,0.06
22,80422.7,16300.55,38025.7,0.498179,0.3969699,81991.75,46927.75,32009.9,0.069425295,0.1047709,0.5,1,6,3,0.06
23,77162.75,14661.7,35823.6,0.5142028,0.4018701,81927.05,46507.85,32427.8,0.072560175,0.1098777,0.5,1,6,3,0.06
24,73912.8,13218.55,33895.05,0.5303004,0.4062225,81852,46115.85,32968.6,0.07492185,0.11422735,0.5,1,6,3,0.06
25,70656.45,11936.5,31750.75,0.54607335,0.41147185,82045.5,45848.15,33431.8,0.07723383,0.11757195,0.5,1,6,3,0.06
26,67424.9,10714.05,29708.85,0.56227105,0.4155978,82415.15,45792.75,33731.1,0.079064015,0.12062485,0.5,1,6,3,0.06
27,64321.6,9577.75,27652.15,0.57870325,0.41958065,82622.7,45739.65,33642.1,0.080131015,0.1225789,0.5,1,6,3,0.06
28,61249.8,8534.5,25338.05,0.59588825,0.42381575,82575.55,45590.75,33713.55,0.081010415,0.1245859,0.5,1,6,3,0.06
29,58171.15,7549.35,23335.6,0.6143106,0.42869925,82381.4,45410.7,33935.2,0.082007635,0.1258968,0.5,1,6,3,0.06
30,55248.05,6625.2,21175.15,0.63363915,0.4329887,82225.5,45265.95,34274.45,0.08264584,0.12621155,0.5,1,6,3,0.06
31,52405.5,5796.15,19027.65,0.65393835,0.4361624,82411.9,45253.95,34403.55,0.082968345,0.1270482,0.5,1,6,3,0.06
32,49569.2,5005.75,17117.15,0.67518245,0.4410195,82549.15,45245.4,34015.7,0.083034685,0.1270267,0.5,1,6,3,0.06
33,46876.2,4263.95,14939.8,0.69733795,0.4449188,82288.2,45179.4,34330.6,0.082948465,0.1267604,0.5,1,6,3,0.06
34,44199.95,3594.6,12992.2,0.72150595,0.44930875,82293.05,45137.65,34590.45,0.082848265,0.12694595,0.5,1,6,3,0.06
35,41659.65,2979.75,11233,0.74620505,0.4528301,82411.3,45213.45,34292.95,0.082519115,0.12635245,0.5,1,6,3,0.06
36,39265.25,2429.75,9428.2,0.77142885,0.4575123,82230.5,45146.35,34323.6,0.081820105,0.1251283,0.5,1,6,3,0.06
37,36990.1,1940.05,7817.8,0.79762895,0.46110285,82131.85,45173.5,34369.2,0.08100577,0.1243807,0.5,1,6,3,0.06
38,34989,1529.2,6253.85,0.8245224,0.46728785,82157.05,45263.1,34245.85,0.0803133,0.1236241,0.5,1,6,3,0.06
39,33119.55,1168.55,5064.7,0.85176285,0.46931925,82057.35,45265.75,34216.1,0.07977438,0.12220795,0.5,1,6,3,0.06
40,31419.9,878.35,3914.05,0.876288,0.4745317,81960,45290.15,34178,0.0790764,0.12115635,0.5,1,6,3,0.06
41,30029.2,636.65,2935.85,0.9003309,0.4778816,81906.7,45292.9,34093.9,0.078478685,0.12031155,0.5,1,6,3,0.06
42,28803.9,449.35,2155.15,0.9220653,0.4822421,81739.8,45285.05,34158.55,0.077444675,0.11982765,0.5,1,6,3,0.06
43,27822.65,309.3,1551.1,0.94097945,0.48416665,81770.3,45354.35,34119,0.076872715,0.11842405,0.5,1,6,3,0.06
44,27033.55,203.2,1053.5,0.95669405,0.48683505,81774.2,45405.6,34276.1,0.076249085,0.11651555,0.5,1,6,3,0.06
45,26400.4,130.1,696.25,0.96912705,0.4907664,82008.85,45596.4,33948.95,0.075382295,0.11571845,0.5,1,6,3,0.06
46,25881.7,78.7,450.5,0.9790544,0.4923092,81867.6,45646.45,33885.3,0.07449135,0.1154523,0.5,1,6,3,0.06
47,25557.9,47.2,273.15,0.9862671,0.4933885,81810.55,45643.25,33846.7,0.07465908,0.1137537,0.5,1,6,3,0.06
48,25350.65,26.2,155.05,0.99132925,0.4976614,81762.85,45711.95,33717.8,0.07379566,0.11286205,0.5,1,6,3,0.06
49,25152.75,13.9,98.5,0.99482895,0.49763005,81691.2,45726.05,33712.25,0.073220455,0.1124633,0.5,1,6,3,0.06
50,25105.95,6.7,50.4,0.99696215,0.49730335,81627.4,45741.3,33747.3,0.072796315,0.11096695,0.5,1,6,3,0.06
51,25027.9,3.05,22.2,0.9983013,NA,81705,45805.7,33607.05,0.07247598,0.1105793,0.5,1,6,3,0.06
52,23317.95,1.3,10,0.9989986,NA,81464.65,45806.35,33730.35,0.07072863,0.11051215,0.5,1,6,3,0.06
53,19084.15,0.3,4.25,0.94947885,NA,81248.5,45834.8,33582.3,0.066742605,0.10857445,0.5,1,6,3,0.06
54,9844.35,0.2,0.7,0.8496645,NA,80561.6,45849.75,33449,0.058202385,0.10619441,0.5,1,6,3,0.06
55,3686.55,0.15,0.65,NA,NA,79919.95,45898.1,33788.55,0.04973773,0.101779385,0.5,1,6,3,0.06
56,1649.65,0.1,0.85,NA,NA,80122.6,46298.5,33403.9,0.04575596,0.09582579,0.5,1,6,3,0.06
57,1260.05,0.05,0.15,NA,NA,80255.1,46612.95,32987.25,0.042952885,0.09010684,0.5,1,6,3,0.06
58,1257.6,0.05,0.35,NA,NA,80244.1,46880.8,32601.9,0.040245075,0.08378782,0.5,1,6,3,0.06
59,1240.3,0,0.2,NA,NA,80121.65,47137.9,32276.45,0.037305775,0.078667795,0.5,1,6,3,0.06
60,398.4,0,0,NA,NA,79880.05,47352.4,32002.9,0.03408164,0.07371595,0.5,1,6,3,0.06
61,0,0,0,NA,NA,79745.25,47571.55,31803.8,0.03114055,0.06883696,0.5,1,6,3,0.06
62,0,0,0,NA,NA,79628.15,47723.25,31685.7,0.028921885,0.064282035,0.5,1,6,3,0.06
63,0,0,0,NA,NA,79698.15,47985.15,31305.95,0.02678505,0.06039074,0.5,1,6,3,0.06
64,0,0,0,NA,NA,79587.6,48114.2,30948.45,0.025019585,0.05647547,0.5,1,6,3,0.06
65,0,0,0,NA,NA,79325.4,48169.25,31092.7,0.023271305,0.05268789,0.5,1,6,3,0.06
66,0,0,0,NA,NA,79401.2,48275.95,30944.05,0.02167555,0.049340655,0.5,1,6,3,0.06
67,0,0,0,NA,NA,79466.7,48419.05,30706.75,0.020116285,0.045929515,0.5,1,6,3,0.06
68,0,0,0,NA,NA,79400,48561.65,30404.8,0.018629195,0.042751985,0.5,1,6,3,0.06
69,0,0,0,NA,NA,79154.45,48626.05,30292.9,0.0172126,0.04015663,0.5,1,6,3,0.06
70,0,0,0,NA,NA,78974.3,48602.75,30404.6,0.016105845,0.037302745,0.5,1,6,3,0.06
71,0,0,0,NA,NA,79245.9,48853.95,30363.25,0.014971945,0.034522525,0.5,1,6,3,0.06
72,0,0,0,NA,NA,79432.4,49034.8,29848.55,0.01396729,0.03265797,0.5,1,6,3,0.06
73,0,0,0,NA,NA,79173.15,48999.95,30023.1,0.01301925,0.030435905,0.5,1,6,3,0.06
74,0,0,0,NA,NA,79180.5,49115.8,29830.2,0.012085232,0.028528445,0.5,1,6,3,0.06
75,0,0,0,NA,NA,79123.25,49174.05,29721.8,0.0112507855,0.02685369,0.5,1,6,3,0.06
76,0,0,0,NA,NA,79001.05,49181.05,29555.65,0.0105474265,0.02452945,0.5,1,6,3,0.06
77,0,0,0,NA,NA,78821.85,49120.95,29769.1,0.0097341385,0.02323069,0.5,1,6,3,0.06
78,0,0,0,NA,NA,78997.2,49293.4,29641.25,0.0090595415,0.021609125,0.5,1,6,3,0.06
79,0,0,0,NA,NA,79087.4,49413.05,29145.45,0.0084811175,0.019959615,0.5,1,6,3,0.06
80,0,0,0,NA,NA,78723.45,49316.1,29500.05,0.007894054,0.01841768,0.5,1,6,3,0.06
81,0,0,0,NA,NA,78792.85,49431.75,29449.25,0.0072663805,0.017708375,0.5,1,6,3,0.06
82,0,0,0,NA,NA,78899.9,49503.55,29269.5,0.0067924605,0.0163254,0.5,1,6,3,0.06
83,0,0,0,NA,NA,78928.15,49528.15,29192.4,0.0063988925,0.015276875,0.5,1,6,3,0.06
84,0,0,0,NA,NA,78871.75,49613.65,29145.85,0.0060261085,0.014508145,0.5,1,6,3,0.06
85,0,0,0,NA,NA,78795.7,49591,29023.7,0.0056072075,0.013484555,0.5,1,6,3,0.06
86,0,0,0,NA,NA,78639.2,49513.95,29303.4,0.005199306,0.012470845,0.5,1,6,3,0.06
87,0,0,0,NA,NA,78810.4,49603.7,29252.5,0.004845519,0.0118218685,0.5,1,6,3,0.06
88,0,0,0,NA,NA,78969.7,49726.8,28846.1,0.0044857735,0.0109671615,0.5,1,6,3,0.06
89,0,0,0,NA,NA,78708.7,49624.15,29075.95,0.004227167,0.0102436065,0.5,1,6,3,0.06
90,0,0,0,NA,NA,78740.3,49708.3,29007.5,0.0039636715,0.0094452205,0.5,1,6,3,0.06
91,0,0,0,NA,NA,78844.6,49804.65,28915.75,0.0036931975,0.008958172,0.5,1,6,3,0.06
92,0,0,0,NA,NA,78733.65,49758.95,28762.7,0.003464256,0.0083855355,0.5,1,6,3,0.06
93,0,0,0,NA,NA,78504.85,49690.95,28829.2,0.0031865585,0.0078971125,0.5,1,6,3,0.06
94,0,0,0,NA,NA,78436.6,49678.65,28989.7,0.0029951935,0.0073839915,0.5,1,6,3,0.06
95,0,0,0,NA,NA,78592.6,49735.05,28733.65,0.002831853,0.0069531385,0.5,1,6,3,0.06
96,0,0,0,NA,NA,78535.75,49704.85,29068.15,0.0026499885,0.006512112,0.5,1,6,3,0.06
97,0,0,0,NA,NA,78778.55,49898.65,28794.7,0.0024859965,0.0060639105,0.5,1,6,3,0.06
98,0,0,0,NA,NA,78755.2,49888.4,28415.7,0.002316148,0.005659367,0.5,1,6,3,0.06
99,0,0,0,NA,NA,78353.35,49682.25,28608.15,0.0021567275,0.005186757,0.5,1,6,3,0.06
100,0,0,0,NA,NA,78201.3,49617.5,29321.7,0.0020071395,0.004914986,0.5,1,6,3,0.06
1,74270.9,46391,28535.75,0,0,82181.1,52021.8,28528.5,0,0,0.5,1,6,3,0.08
2,72142.5,44650.7,35136.1,0,0,84230.75,53762.95,24382.35,0,0,0.5,1,6,3,0.08
3,77748.3,47216.45,34743.2,0,0,81025.65,52816.7,22648.6,0,0,0.5,1,6,3,0.08
4,81447.15,49246.35,30713.7,0,0,77029.9,51071.1,25953.7,0,0,0.5,1,6,3,0.08
5,79877.55,48908.15,29054.75,0,0,77612.95,51193.75,27835.8,0,0,0.5,1,6,3,0.08
6,76655.4,47845.8,30318.6,0,0,80313.65,52274.1,26597.25,0,0,0.5,1,6,3,0.08
7,75880.95,47474.65,31752.55,0,0,81021.1,52537,24948.6,0,0,0.5,1,6,3,0.08
8,77088,47777.85,31641.65,0,0,79455.35,51940.8,25150.85,0,0,0.5,1,6,3,0.08
9,77701.8,47852.5,31351.85,0,0,78548.85,51608.5,26325.15,0,0,0.5,1,6,3,0.08
10,77702.7,47845.6,31268.35,0,0,79362.7,51958.3,26419.4,0,0,0.5,1,6,3,0.08
11,77699.7,48001.75,31282.75,0,0,80062.15,52240.45,25472.35,0,0,0.5,1,6,3,0.08
12,94323.45,48108.35,30956.45,0.1756548,0.0856847,80934.5,51942.15,25388.6,0.01769611,0,0.5,1,6,3,0.08
13,98950.8,45292.2,30998.7,0.2581206,0.1681858,81808.5,51736.45,25999.05,0.034647665,0.01196031,0.5,1,6,3,0.08
14,94117.1,40511.55,35696.3,0.2938072,0.2316584,81643.75,51480.4,26429.75,0.037543895,0.03190647,0.5,1,6,3,0.08
15,92213.85,36277.8,39883.9,0.3291783,0.2811254,81045.65,50536.3,26600.7,0.04395454,0.051220185,0.5,1,6,3,0.08
16,91803.4,32338.4,42033.95,0.36038175,0.32017525,79933.5,48976.8,28517.95,0.05252301,0.069100635,0.5,1,6,3,0.08
17,90992.8,28435.55,43241.05,0.39111805,0.3483438,80287.3,47982.05,30737.85,0.061267845,0.08488272,0.5,1,6,3,0.08
18,89240.55,24855.8,43440.15,0.4197303,0.36406265,81965.25,47664.7,31433,0.069480695,0.097341615,0.5,1,6,3,0.08
19,87157.9,22033.75,42396,0.4433499,0.3748074,83106.95,47405.85,31511.8,0.075852045,0.1068836,0.5,1,6,3,0.08
20,84422.05,19628.2,41074.4,0.46348175,0.38436315,83358.85,46942.9,32124.45,0.081297705,0.1153657,0.5,1,6,3,0.08
21,81299.1,17476.65,39258.75,0.482142,0.39098105,83336.25,46461.65,32504.35,0.085790935,0.1234866,0.5,1,6,3,0.08
22,78022.9,15639.25,37181.25,0.49934975,0.3976289,83177.55,45982.15,33242.05,0.089430815,0.13051175,0.5,1,6,3,0.08
23,74647.6,13967.85,35103.7,0.51676825,0.40286535,83256.5,45542.1,33672.9,0.093035325,0.1346491,0.5,1,6,3,0.08
24,71286.15,12558.95,32853,0.5332184,0.40765165,83368.7,45177.7,33989,0.096353675,0.1400776,0.5,1,6,3,0.08
25,67861.7,11234.35,30534.2,0.55035965,0.41289105,83275.6,44809.25,34548.6,0.098573405,0.1440629,0.5,1,6,3,0.08
26,64401.7,9974.75,28545.9,0.5680711,0.41740695,83455,44616.1,34715.25,0.100518565,0.1473041,0.5,1,6,3,0.08
27,61303,8865.3,26124.95,0.5860366,0.42179655,83373.55,44388,34925.95,0.10204217,0.14877155,0.5,1,6,3,0.08
28,58123.7,7805.5,24008.2,0.60497655,0.42566175,83317.15,44203.55,35263.95,0.1030704,0.1499975,0.5,1,6,3,0.08
29,55108.35,6840.45,21659.35,0.6243454,0.43053305,83477.3,44168.8,35435.15,0.1036948,0.1512436,0.5,1,6,3,0.08
30,52102.1,5929.7,19524.9,0.64569135,0.43534175,83575.05,44159.2,35308.45,0.1040757,0.151959,0.5,1,6,3,0.08
31,49120.65,5076.35,17339.2,0.66780105,0.4400462,83342,44073.5,35389.3,0.1042227,0.15183645,0.5,1,6,3,0.08
32,46230.15,4301.25,15247,0.69174425,0.44348465,83168.75,43946.3,35596.85,0.10405625,0.15261495,0.5,1,6,3,0.08
33,43542.4,3597.8,13132.85,0.7159969,0.44841825,83184.35,43898.75,35520.35,0.1040105,0.15215975,0.5,1,6,3,0.08
34,40877.1,2961.15,11213.7,0.7423795,0.4522227,83000.7,43764,35835.25,0.10382445,0.15106415,0.5,1,6,3,0.08
35,38418.1,2405.95,9390.55,0.7686549,0.4559317,83114.3,43830.45,35883.5,0.10321465,0.15033995,0.5,1,6,3,0.08
36,36110.5,1928.4,7740.65,0.79575485,0.4615253,83243.6,43958.6,35583.9,0.10252595,0.1493954,0.5,1,6,3,0.08
37,34066.05,1500.15,6309,0.82354465,0.46582295,83070.55,43920.6,35636.8,0.10163237,0.14853395,0.5,1,6,3,0.08
38,32216.85,1145.3,4897.05,0.8506918,0.47,82863.25,43924.6,35526.95,0.10070823,0.1471267,0.5,1,6,3,0.08
39,30553.45,847.3,3782,0.8768015,0.47440245,82701.3,43936.8,35684.2,0.09968114,0.14553045,0.5,1,6,3,0.08
40,29108.95,612.1,2852.75,0.9013672,0.4788745,82794.4,44060.5,35483.7,0.098691365,0.14420865,0.5,1,6,3,0.08
41,27896.2,427.1,2002.45,0.92330125,0.4819095,82681.65,44114,35458.25,0.098000975,0.1428426,0.5,1,6,3,0.08
42,26978.3,287.15,1476.85,0.9429958,0.48562385,82624.9,44159,35383.55,0.0970958,0.14171255,0.5,1,6,3,0.08
43,26205.2,187.35,960.5,0.95830765,0.4885944,82641.5,44235.25,35371.4,0.096156655,0.14073615,0.5,1,6,3,0.08
44,25575.35,115.75,650.55,0.97125995,0.4912196,82633.8,44313.35,35337.55,0.09529633,0.13955315,0.5,1,6,3,0.08
45,25135.9,67.7,393.6,0.98053585,0.494261,82667.7,44431.7,35188.65,0.094607305,0.1368842,0.5,1,6,3,0.08
46,24764.8,38.75,216.5,0.98764785,0.4939947,82692.7,44513.7,35130.9,0.093694755,0.1370287,0.5,1,6,3,0.08
47,24550.7,20,123.45,0.99260505,0.49692065,82660.7,44580,34839.85,0.09313794,0.13494375,0.5,1,6,3,0.08
48,24419.75,10.15,68.1,0.99582155,0.5,82451.75,44597,34996.65,0.092366165,0.1349349,0.5,1,6,3,0.08
49,24295.05,4.6,36.65,0.99772705,NA,82455.65,44627.35,34936.85,0.091654065,0.13363145,0.5,1,6,3,0.08
50,23413.6,2.45,13.85,0.99867725,NA,82451.6,44744.7,34795.45,0.09034858,0.1330641,0.5,1,6,3,0.08
51,19733.8,0.8,10.15,0.9742936,NA,81966.05,44714.85,34806.2,0.08592837,0.131663,0.5,1,6,3,0.08
52,13208.05,0.45,3.55,0.8745553,NA,81274.45,44746.75,34665.9,0.077391,0.1291488,0.5,1,6,3,0.08
53,7598.1,0.05,1.55,NA,NA,80570.7,44805.45,34725.5,0.068172515,0.12577015,0.5,1,6,3,0.08
54,2741.95,0,0.5,NA,NA,80158.05,45011.3,34716,0.06059945,0.11868235,0.5,1,6,3,0.08
55,373.95,0,0,NA,NA,80188.7,45415.85,34482.5,0.054081205,0.112190195,0.5,1,6,3,0.08
56,0.45,0,0,NA,NA,80487.25,45890.35,33902.25,0.050209975,0.104698205,0.5,1,6,3,0.08
57,0.1,0,0,NA,NA,80509.85,46313.05,33245.9,0.046588755,0.09730213,0.5,1,6,3,0.08
58,0,0,0,NA,NA,80230.15,46561.2,33079.1,0.04308209,0.091096285,0.5,1,6,3,0.08
59,0,0,0,NA,NA,80114.9,46805.4,32719.7,0.039590165,0.085106195,0.5,1,6,3,0.08
60,0,0,0,NA,NA,80015.45,47056.75,32478.2,0.036605665,0.07972795,0.5,1,6,3,0.08
61,0,0,0,NA,NA,79951.1,47301.45,32182,0.03399788,0.074305135,0.5,1,6,3,0.08
62,0,0,0,NA,NA,79936.95,47580.1,31934.85,0.03160115,0.06970139,0.5,1,6,3,0.08
63,0,0,0,NA,NA,79887.75,47780.75,31494.15,0.02938995,0.06471887,0.5,1,6,3,0.08
64,0,0,0,NA,NA,79642.8,47870.6,31301.55,0.027167485,0.06043955,0.5,1,6,3,0.08
65,0,0,0,NA,NA,79537.65,47985.8,31155.3,0.02531779,0.056698195,0.5,1,6,3,0.08
66,0,0,0,NA,NA,79399.15,48076.65,31037.6,0.023598065,0.053055345,0.5,1,6,3,0.08
67,0,0,0,NA,NA,79410.55,48241.95,31191.35,0.02196878,0.049620915,0.5,1,6,3,0.08
68,0,0,0,NA,NA,79703.9,48549,30636.3,0.02034928,0.04635479,0.5,1,6,3,0.08
69,0,0,0,NA,NA,79517.05,48670.4,30430.55,0.018845335,0.043367665,0.5,1,6,3,0.08
70,0,0,0,NA,NA,79300.1,48647.05,30115.95,0.01750453,0.040770645,0.5,1,6,3,0.08
71,0,0,0,NA,NA,78890.7,48567.85,30348.55,0.016336275,0.038040495,0.5,1,6,3,0.08
72,0,0,0,NA,NA,78995.95,48695.1,30313.95,0.01525157,0.03545842,0.5,1,6,3,0.08
73,0,0,0,NA,NA,79197.8,48909.6,30190.9,0.014251965,0.032957885,0.5,1,6,3,0.08
74,0,0,0,NA,NA,79325.45,49064.3,29907,0.013241135,0.031052795,0.5,1,6,3,0.08
75,0,0,0,NA,NA,79195.55,49118.75,29716,0.012404375,0.028876275,0.5,1,6,3,0.08
76,0,0,0,NA,NA,79006.4,49125,29808.45,0.01151914,0.027174145,0.5,1,6,3,0.08
77,0,0,0,NA,NA,79011.25,49187.4,29671.05,0.010739543,0.02527161,0.5,1,6,3,0.08
78,0,0,0,NA,NA,79035.3,49228.25,29540.55,0.010005236,0.02389837,0.5,1,6,3,0.08
79,0,0,0,NA,NA,78867.6,49213.8,29636.4,0.009375569,0.02215042,0.5,1,6,3,0.08
80,0,0,0,NA,NA,78956.05,49405.6,29498.75,0.008721614,0.020805505,0.5,1,6,3,0.08
81,0,0,0,NA,NA,78941.9,49417.1,29083.65,0.0081005255,0.019273125,0.5,1,6,3,0.08
82,0,0,0,NA,NA,78624.9,49304,29359.9,0.0075342645,0.01807746,0.5,1,6,3,0.08
83,0,0,0,NA,NA,78649.7,49341.15,29728.2,0.0069852865,0.01680517,0.5,1,6,3,0.08
84,0,0,0,NA,NA,79114.1,49589.65,29244.85,0.0065412365,0.01583125,0.5,1,6,3,0.08
85,0,0,0,NA,NA,79074.35,49603.3,29022.4,0.006185813,0.014770695,0.5,1,6,3,0.08
86,0,0,0,NA,NA,78819.5,49554.05,29101.55,0.0057640285,0.01387326,0.5,1,6,3,0.08
87,0,0,0,NA,NA,78708.5,49538.3,29259.2,0.0053599255,0.01315535,0.5,1,6,3,0.08
88,0,0,0,NA,NA,78827.25,49665.25,29207.95,0.0050095095,0.0123780305,0.5,1,6,3,0.08
89,0,0,0,NA,NA,78922.3,49694.05,28897.1,0.0047535825,0.0112787325,0.5,1,6,3,0.08
90,0,0,0,NA,NA,78707.05,49664.95,28909.9,0.00441523,0.010577675,0.5,1,6,3,0.08
91,0,0,0,NA,NA,78591.35,49640.8,29208.25,0.004104261,0.010002598,0.5,1,6,3,0.08
92,0,0,0,NA,NA,78828,49784.7,29072.75,0.0038441345,0.0094467165,0.5,1,6,3,0.08
93,0,0,0,NA,NA,78941.7,49832.5,28763.4,0.003624297,0.008694092,0.5,1,6,3,0.08
94,0,0,0,NA,NA,78731,49725.9,28934.3,0.0033517305,0.007986953,0.5,1,6,3,0.08
95,0,0,0,NA,NA,78660.15,49698.75,28878.45,0.003126215,0.007556961,0.5,1,6,3,0.08
96,0,0,0,NA,NA,78651.95,49776.6,28879.4,0.002900986,0.006963158,0.5,1,6,3,0.08
97,0,0,0,NA,NA,78647.8,49763.95,28848.85,0.002717094,0.0066972405,0.5,1,6,3,0.08
98,0,0,0,NA,NA,78668.35,49795.05,28799.45,0.0025610995,0.0061624975,0.5,1,6,3,0.08
99,0,0,0,NA,NA,78626.4,49776.25,28860.4,0.002409468,0.0059644765,0.5,1,6,3,0.08
100,0,0,0,NA,NA,78611.45,49769.65,28750.1,0.0022827005,0.005506929,0.5,1,6,3,0.08
1,73288.9,45671.9,28528.5,0,0,83254.8,52749.95,28504.5,0,0,0.5,1,6,3,0.1
2,70668.95,43543.05,36084.2,0,0,85735.3,54803.6,22649.25,0,0,0.5,1,6,3,0.1
3,77056.2,46388.3,36015.1,0,0,80985.1,53226.75,21051.9,0,0,0.5,1,6,3,0.1
4,81622.85,48847.95,31561.5,0,0,76024.45,50985.3,25574.75,0,0,0.5,1,6,3,0.1
5,80106.25,48633.45,29365.4,0,0,77390.05,51430.8,28094.6,0,0,0.5,1,6,3,0.1
6,76333.95,47307.45,30870.65,0,0,81320.05,53063,26020.9,0,0,0.5,1,6,3,0.1
7,75420.75,46890.75,32483.7,0,0,81984,53356.05,23350.6,0,0,0.5,1,6,3,0.1
8,76702,47237.7,32344.55,0,0,79227.9,52256.25,24005.8,0,0,0.5,1,6,3,0.1
9,77309.65,47252.6,31819.45,0,0,78008.5,51830.45,26296.85,0,0,0.5,1,6,3,0.1
10,77173.75,47198.85,32258.4,0,0,79654.95,52529,25862.45,0,0,0.5,1,6,3,0.1
11,77553.8,47531.55,31878.45,0,0,80506.9,52709.5,24677,0,0,0.5,1,6,3,0.1
12,93720.65,47579.5,31489.75,0.17313945,0.08863791,81668.3,52385.6,24972.6,0.022108965,0,0.5,1,6,3,0.1
13,97752.35,44514.4,31713.2,0.25520475,0.17143705,83064.1,52378.1,25560.5,0.04243203,0.014689545,0.5,1,6,3,0.1
14,92861.45,39679.3,36470.95,0.2919392,0.2338494,82842.3,52075.4,25335.4,0.045699875,0.03934662,0.5,1,6,3,0.1
15,91004.2,35415.9,40422.2,0.3277565,0.2816497,81568.6,50666.45,25907.25,0.05415535,0.061602595,0.5,1,6,3,0.1
16,90588.15,31537.9,42399.25,0.3594691,0.3198671,80072.2,48686.8,28514.2,0.064697695,0.08241561,0.5,1,6,3,0.1
17,89592.7,27709.9,43414.3,0.3898694,0.3472508,80683.15,47541.8,31099.15,0.075022975,0.101558595,0.5,1,6,3,0.1
18,87630.6,24218.1,43281.6,0.41858875,0.36221055,82731.5,47106.75,32013.3,0.08436862,0.1158112,0.5,1,6,3,0.1
19,85378.25,21446.15,42211.1,0.44208455,0.37336195,84221.8,46773.1,32179.9,0.092004455,0.126841,0.5,1,6,3,0.1
20,82557.3,19081.05,40587.05,0.4620779,0.3828746,84514.7,46221.05,32909.8,0.098477545,0.1362145,0.5,1,6,3,0.1
21,79308.85,16971.3,38713.4,0.48119265,0.3899607,84610.75,45814.85,33281.1,0.1036727,0.1448611,0.5,1,6,3,0.1
22,75909.45,15114.55,36696.85,0.4992498,0.39670735,84419.7,45275.95,33829.9,0.10820765,0.15174425,0.5,1,6,3,0.1
23,72461.2,13478.7,34283.6,0.51683815,0.4033822,84142.2,44630.05,34416.85,0.11215105,0.1571033,0.5,1,6,3,0.1
24,68812.35,11963.05,32150.65,0.53525055,0.4080711,84049.75,44088.9,35045.25,0.11534415,0.1632124,0.5,1,6,3,0.1
25,65428.8,10609.55,29668.2,0.5533133,0.41337175,84097.8,43663.95,35718.9,0.11843555,0.16627625,0.5,1,6,3,0.1
26,62065.75,9395.35,27323.95,0.5724178,0.41787845,84364.65,43458.45,35840.95,0.120508,0.1689769,0.5,1,6,3,0.1
27,58728.25,8245.25,24972.75,0.59142825,0.42324015,84415.35,43253.5,36093.2,0.12180845,0.17069845,0.5,1,6,3,0.1
28,55475.2,7181.4,22709.2,0.61208865,0.4278871,84397.5,43085.45,36370.95,0.1228036,0.17251505,0.5,1,6,3,0.1
29,52307.15,6202.1,20138.25,0.63361735,0.43218585,84341.95,42998.8,36319.95,0.1231761,0.17374725,0.5,1,6,3,0.1
30,49099.15,5275.25,17909,0.65708055,0.43624375,84129.1,42802.7,36610.1,0.1241104,0.1730923,0.5,1,6,3,0.1
31,46185.85,4474.05,15703.4,0.6808051,0.4416671,84001.25,42702.95,36694.55,0.1238999,0.17417575,0.5,1,6,3,0.1
32,43225.75,3745.2,13607.25,0.70611525,0.44716755,83948.1,42599,36843.4,0.12393635,0.17321825,0.5,1,6,3,0.1
33,40549.45,3055.75,11517.45,0.7335703,0.4511777,83995.65,42568.75,37052.3,0.1236658,0.17336945,0.5,1,6,3,0.1
34,37952.7,2464.3,9600.75,0.76149205,0.4550578,83999.9,42588.95,36933.05,0.1230258,0.1718611,0.5,1,6,3,0.1
35,35563.7,1962.3,7939.3,0.79008055,0.45989355,83871.45,42612.15,36968.3,0.122213,0.17040785,0.5,1,6,3,0.1
36,33458.85,1524.1,6365.75,0.81852975,0.46474255,83864.2,42754.1,36750.45,0.1211738,0.1687905,0.5,1,6,3,0.1
37,31547.45,1145.85,4956.2,0.8466634,0.4691212,83730.25,42826.75,36741.15,0.1198705,0.16749975,0.5,1,6,3,0.1
38,29860.4,849.8,3802.2,0.87413105,0.4732104,83595.85,42823.45,36719.65,0.11879675,0.16529555,0.5,1,6,3,0.1
39,28408.2,611.15,2861.3,0.899687,0.4775503,83583.4,42920.75,36628.6,0.1177084,0.16365915,0.5,1,6,3,0.1
40,27218.3,419.6,2073.8,0.92226795,0.48190225,83462.95,42971.55,36427.05,0.11614265,0.16218585,0.5,1,6,3,0.1
41,26293.75,282.75,1402.05,0.94119905,0.48467475,83265.3,43030.35,36531.95,0.11468095,0.1602161,0.5,1,6,3,0.1
42,25473.85,179.35,969.75,0.9578744,0.4893645,83347.45,43179.25,36440.25,0.11365325,0.15898355,0.5,1,6,3,0.1
43,24862.5,110.15,619.5,0.9708597,0.4921375,83411.55,43365.6,36262.65,0.11256995,0.15755935,0.5,1,6,3,0.1
44,24386.15,62.05,376.7,0.98088995,0.4931745,83373.15,43465.95,36014.2,0.1116654,0.1566842,0.5,1,6,3,0.1
45,24116.4,35.3,212.25,0.98790525,0.49412665,83113,43407.55,36145.05,0.1109933,0.1553446,0.5,1,6,3,0.1
46,23888.95,18.5,121.7,0.99294085,0.49600505,83190.45,43494.65,36106.8,0.110363,0.1536132,0.5,1,6,3,0.1
47,23756.75,8.85,64.2,0.9959864,0.49885835,83270.95,43593.4,36093.1,0.1095803,0.15311495,0.5,1,6,3,0.1
48,23597.25,3.55,32.1,0.99780605,0.49827585,83335.9,43660.5,35889.15,0.10908615,0.15164885,0.5,1,6,3,0.1
49,22794.95,1.6,9.7,0.99878025,NA,83109.55,43654.4,35806.05,0.1072935,0.15105505,0.5,1,6,3,0.1
50,19157.05,0.45,5.15,0.9743618,NA,82584.55,43702.9,35872.95,0.102176475,0.14914565,0.5,1,6,3,0.1
51,11171.9,0.05,1.35,NA,NA,81544.2,43811.95,35815.95,0.0894113,0.14785185,0.5,1,6,3,0.1
52,3387.7,0,0.35,NA,NA,80437.8,43918.1,35705,0.07460841,0.1415633,0.5,1,6,3,0.1
53,371,0,0,NA,NA,80076.2,44224.85,35626.85,0.065844925,0.1337715,0.5,1,6,3,0.1
54,0.35,0,0,NA,NA,80400,44692.3,35145.5,0.061768545,0.12516085,0.5,1,6,3,0.1
55,0.05,0,0,NA,NA,80599.55,45205.25,34672.85,0.057595415,0.116477875,0.5,1,6,3,0.1
56,0,0,0,NA,NA,80666.6,45702.65,34187.8,0.053291125,0.10844356,0.5,1,6,3,0.1
57,0,0,0,NA,NA,80649.35,46124.3,33435.75,0.04892977,0.10172689,0.5,1,6,3,0.1
58,0,0,0,NA,NA,80289.05,46385.4,33299.5,0.04498058,0.09476417,0.5,1,6,3,0.1
59,0,0,0,NA,NA,80253.65,46741.25,32754.8,0.04153522,0.088382975,0.5,1,6,3,0.1
60,0,0,0,NA,NA,80002.1,46951.7,32476.35,0.038401805,0.083164915,0.5,1,6,3,0.1
61,0,0,0,NA,NA,79825.3,47129.35,32293.15,0.03553578,0.07792443,0.5,1,6,3,0.1
62,0,0,0,NA,NA,79760.9,47302.95,32076.6,0.03314059,0.07270022,0.5,1,6,3,0.1
63,0,0,0,NA,NA,79793.55,47609.3,31791.95,0.030772225,0.0678878,0.5,1,6,3,0.1
64,0,0,0,NA,NA,79748.25,47790.6,31535.3,0.028601425,0.06327605,0.5,1,6,3,0.1
65,0,0,0,NA,NA,79648.9,47978.35,31248.65,0.0265085,0.05935602,0.5,1,6,3,0.1
66,0,0,0,NA,NA,79499.55,48084.25,30966.2,0.024633465,0.055519665,0.5,1,6,3,0.1
67,0,0,0,NA,NA,79319.05,48217.75,30961.6,0.022779215,0.05234418,0.5,1,6,3,0.1
68,0,0,0,NA,NA,79270.7,48301.35,30816.95,0.02129406,0.048580065,0.5,1,6,3,0.1
69,0,0,0,NA,NA,79310.75,48400.8,30784.5,0.01984741,0.04561293,0.5,1,6,3,0.1
70,0,0,0,NA,NA,79400.95,48573.65,30533.7,0.01850325,0.04249448,0.5,1,6,3,0.1
71,0,0,0,NA,NA,79325.45,48656.55,30483.4,0.01722474,0.03974148,0.5,1,6,3,0.1
72,0,0,0,NA,NA,79378.05,48812.7,30241.5,0.01607045,0.03704847,0.5,1,6,3,0.1
73,0,0,0,NA,NA,79316.9,48920.65,30083.95,0.01500419,0.035040475,0.5,1,6,3,0.1
74,0,0,0,NA,NA,79151.15,48961.35,30001.2,0.0140322,0.032808285,0.5,1,6,3,0.1
75,0,0,0,NA,NA,79076.9,49018.1,29922.3,0.01306325,0.03068386,0.5,1,6,3,0.1
76,0,0,0,NA,NA,79068.2,49080.1,29848.25,0.0122745015,0.02895091,0.5,1,6,3,0.1
77,0,0,0,NA,NA,79003.7,49066.95,29724.7,0.011496698,0.02668038,0.5,1,6,3,0.1
78,0,0,0,NA,NA,78952.65,49086.75,29880.15,0.010718456,0.024879155,0.5,1,6,3,0.1
79,0,0,0,NA,NA,79154.4,49304.15,29623.6,0.009867018,0.02369821,0.5,1,6,3,0.1
80,0,0,0,NA,NA,79057.8,49342.7,29254.5,0.0091691205,0.021865735,0.5,1,6,3,0.1
81,0,0,0,NA,NA,78715.15,49285.25,29431.8,0.008580123,0.020384115,0.5,1,6,3,0.1
82,0,0,0,NA,NA,78734,49315.5,29621.5,0.008042972,0.019178195,0.5,1,6,3,0.1
83,0,0,0,NA,NA,78931.05,49451.15,29345.4,0.0074688465,0.017890655,0.5,1,6,3,0.1
84,0,0,0,NA,NA,78955,49490.9,29248.2,0.006984358,0.016565215,0.5,1,6,3,0.1
85,0,0,0,NA,NA,78799.1,49475.15,29006.3,0.006504259,0.0156104,0.5,1,6,3,0.1
86,0,0,0,NA,NA,78547.45,49412.35,29506.8,0.006066726,0.01470672,0.5,1,6,3,0.1
87,0,0,0,NA,NA,78953.05,49621.65,29284.9,0.005664719,0.01359171,0.5,1,6,3,0.1
88,0,0,0,NA,NA,79020,49683.25,29070.55,0.0052464275,0.0126217755,0.5,1,6,3,0.1
89,0,0,0,NA,NA,78881.55,49684.6,29045.25,0.0049199325,0.011787878,0.5,1,6,3,0.1
90,0,0,0,NA,NA,78746.8,49651.75,28916.05,0.004566853,0.011342354,0.5,1,6,3,0.1
91,0,0,0,NA,NA,78576.05,49587.3,29078,0.004270068,0.0103808735,0.5,1,6,3,0.1
92,0,0,0,NA,NA,78712.45,49676.4,29318.15,0.0039793335,0.0097988255,0.5,1,6,3,0.1
93,0,0,0,NA,NA,78987.15,49798.95,28784.45,0.0037646325,0.0091283615,0.5,1,6,3,0.1
94,0,0,0,NA,NA,78756.15,49754.2,28929.8,0.0034605215,0.0083983575,0.5,1,6,3,0.1
95,0,0,0,NA,NA,78729.3,49798.85,28920.85,0.003245787,0.007851707,0.5,1,6,3,0.1
96,0,0,0,NA,NA,78742.05,49849.15,28765.35,0.003035112,0.007374922,0.5,1,6,3,0.1
97,0,0,0,NA,NA,78594.15,49755.7,28821.6,0.002862616,0.0068711595,0.5,1,6,3,0.1
98,0,0,0,NA,NA,78527.25,49701.75,28897.15,0.0026929085,0.006573808,0.5,1,6,3,0.1
99,0,0,0,NA,NA,78532.55,49723.1,29044.95,0.0025368695,0.005968146,0.5,1,6,3,0.1
100,0,0,0,NA,NA,78861.2,49919,28893.9,0.0023321895,0.00566181,0.5,1,6,3,0.1
